# Results criterion, Forensic Auditor. One table, on one slide, from held-out seeds.
# Rules that decide the score:
#   * >=5 unseen seeds for the top bands. Fewer caps you lower.
#   * Report recall AND false-accusation rate. Recall alone is not scoreable -
#     a system that accuses every vendor reaches 100% recall.
#   * Name which seeds you TUNED on and which you are REPORTING on. They must be disjoint.
#   * If ground truth appears to have leaked into the agent's reasoning, Results caps at 2.
# Columns are the required shape. Fill in your own numbers and delete this comment block.
seed,schemes_planted,schemes_found,recall_pct,decoys_planted,decoys_accused,false_accusation_rate_pct,peso_claimed,peso_actual,peso_reconciles,llm_calls,mxn_cost,wall_clock_s
,,,,,,,,,,,,
,,,,,,,,,,,,
,,,,,,,,,,,,
,,,,,,,,,,,,
,,,,,,,,,,,,
TOTAL,,,,,,,,,,,,
